name,hints,description
campaignlegal.org,,"<p><strong>Media Description:&nbsp;<span style=""color:#bdc3c7"">The Campaign Legal Center</span></strong>&nbsp;(campaignlegal.org) is a nonpartisan organization advancing democracy through law at the federal, state and local levels. The CLC envisions a future where all citizens can participate in the political process and where the government is representative, responsive, and accountable to those citizens.</p>"
dailymail.co.uk,,"<h1>&nbsp;</h1>

<p><strong>Media Description</strong>: <strong><span style=""color:#bdc3c7"">DailyMail.co.uk</span></strong>&nbsp;(dailymail.com) is the website of <em>The Daily Mail</em>, a conservative tabloid newspaper published in the United Kingdom,</p>

<p><strong>Media Rating</strong>: Mediabiasfactcheck.com&nbsp;rates <em>The Daily Mail </em>as&nbsp;<strong>Questionable </strong>due to numerous failed fact checks and poor sourcing of information and&nbsp;<strong>Right Biased.</strong><br />
See rating <a href=""https://mediabiasfactcheck.com/%20Daily%20Mail/"" target=""_blank"">here</a>.</p>

<p>&nbsp;</p>"
aljazeera.com,,"<h1>&nbsp;</h1>

<p><strong>Media Description: <span style=""color:#bdc3c7"">Aljazeera (aljazeera.com)</span></strong> is an large international news website, part of a Qatari state-owned media conglomerate (second in size only to the BBC).</p>

<p><strong>Media Rating:</strong>&nbsp;Mediabiasfactcheck.com&nbsp;rates Al Jazeera as <strong>Mixed </strong>for factual reporting due to failed and uncorrected fact checks and misleading extreme editorial bias favoring Qatar, and as <strong>Left-Center Biased</strong>, based on story selection that slightly favors the left. See rating <a href=""https://mediabiasfactcheck.com/al-jazeera/"" target=""_blank"">here</a>.</p>

<p>&nbsp;</p>"
mediabiasfactcheck.com,"<ol>
</ol>
","<p><em><strong>&nbsp;</strong></em><strong><span style=""color:#bdc3c7"">mediabiasfactcheck.com</span></strong><span style=""color:#d35400"">&nbsp;</span>is an independent online media outlet, dedicated to educating the public on media bias and deceptive news practices, following strict methodologies. Its aim is to inspire action and a rejection of overtly biased media to foster a return to an era of straight forward news reporting.</p>

<p>&nbsp;</p>

<p>&nbsp;</p>"
nonprofitvote.org,,"<p><strong>Media Description:&nbsp;<span style=""color:#bdc3c7"">nonprofitvote.org</span></strong> is a 501(c)(3) organization founded in 2005 by a consortium of state nonprofit associations and national nonprofit networks to provide resources and trainings for the nonprofit sector on how to conduct nonpartisan voter participation and election activities.</p>"
statista.com,,"<p><strong>Media Description: <span style=""color:#bdc3c7"">statista.com</span></strong><span style=""color:#000000""> is a well-known and well respected business data platform, used by businesses throughout the world as the basis for fast and comprehensive search for numbers, data, and facts. Statista makes data collected by market and opinion research institutes and data derived from the economic sector and official statistics available in English, French, German and Spanish. It is one of the most successful statistics databases in the world.&nbsp;</span></p>

<p><strong>Media Rating:&nbsp;</strong>Mediabiasfactcheck.com rates<span style=""color:#000000""> Statista as </span><span style=""color:#000000""><strong>High</strong></span><span style=""color:#000000""> for factual content and </span><span style=""color:#000000""><strong>Least</strong></span><span style=""color:#000000""> </span><span style=""color:#000000""><strong>Biased</strong></span><span style=""color:#000000""> based on a curation of stats from a wide variety of sources</span>. See rating <a href=""https://mediabiasfactcheck.com/statista/"">here</a>.</p>

<p>&nbsp;</p>"
allsides.com,,"<p><strong><span style=""color:#bdc3c7"">Allsides.com</span></strong> is a political news media bias rating center which aims to educate media consumers about the biases of news sources. It has a handy Media Bias Chart that shows where various news sources fall on the facutal and political bias spectrum. It often provides separate bias ratings for news and opinion/editorial content.&nbsp;&nbsp;&nbsp;</p>

<p>&nbsp;</p>

<p>&nbsp;</p>

<p>&nbsp;</p>
"
justia.com,,"<p><strong>Media Description:<span style=""color:#ff0000""> </span><span style=""color:#bdc3c7"">justia.com</span></strong><span style=""color:#000000""><strong><em> </em></strong></span><span style=""color:#000000"">is a website dedicated to open and free access to the law. It maintains databases of legal decisions and laws, and provides information and sources about legal issues. It is considered a legitimate database for a broad view on various legal concepts and is used by lawyers as well as lay persons. All articles on Justia are backed up with links to the relevant case law and sources.&nbsp;</span></p>

<p>&nbsp;</p>"
ncsl.org,,"<p><strong>Media Description</strong>: <strong><span style=""color:#bdc3c7"">ncsl.org</span></strong> is the on-line publication of the National Conference of State Legislators, an organization dedicated to support, defend and strengthen state legislatures.&nbsp;</p>

<p><strong>Media Rating</strong>: &nbsp;Mediabiasfactcheck.com rates it as <strong>High </strong>for factual reporting due to proper sourcing and a clean fact check record and <strong>Least Biased </strong>based on balanced story selection and minimal use of loaded language. See rating <a href=""https://mediabiasfactcheck.com/national-conference-of-state-legislatures-ncsl/"">here</a>.</p>

<p>&nbsp;</p>"
wamu.org,,"<p>&nbsp;</p>

<p><strong>Media Description: <span style=""color:#bdc3c7"">WAMU-FM (wamu.org)</span></strong><span style=""color:#000000""> is a National Public Radio (NPR) station broadcasting from Washington, DC. It is the official website that publishes news and programming information for DC and the surrounding area.</span></p>

<p><strong>Media Rating:</strong>&nbsp;Mediabiasfactcheck.com rates NPR<span style=""color:#000000""> as </span><span style=""color:#000000""><strong>High</strong></span><span style=""color:#000000""> for factual reporting due to proper sourcing and a clean fact check record and </span><span style=""color:#000000""><strong>Left-Center Biased</strong></span><span style=""color:#000000""> based on opinion pieces that slightly favors the left. See rating </span><a href=""https://mediabiasfactcheck.com/?s=npr""><span style=""color:#1155cc"">here</span></a><span style=""color:#000000"">.&nbsp;</span></p>

<p>&nbsp;</p>"
politifact.com,,"<p>&nbsp;</p>

<p><strong>Media Description:</strong> <strong><span style=""color:#bdc3c7"">PolitiFact (politifact.com)</span></strong> is a fact-checking site owned by the nonprofit Poynter Institute for Media Studies and&nbsp;&nbsp;published &quot;to give citizens accurate information so they may govern themselves in a democracy.&quot; It publishes original statements and its own evaluations and then assigns each a &ldquo;Truth-O-Meter&rdquo; rating - ranging from &ldquo;True&rdquo; for completely accurate statements to &ldquo;Pants on Fire&rdquo; for false and ridiculous claims.</p>

<p><strong>Media Rating:</strong>&nbsp;Mediabiasfactcheck.com rates it <strong>High </strong>for factual reporting and a credible fact-checker that is not without bias and as <strong>Left-Center Biased&nbsp;</strong>based on fact checks that tend to be more favorable for the left.<strong>&nbsp;</strong>See rating <a href=""https://mediabiasfactcheck.com/politifact/"" target=""_blank"">here</a>.</p>

<p>&nbsp;</p>"
abcnews.go.com,,"<h1>&nbsp;</h1>

<p><strong>Media Description:</strong>&nbsp;<strong><span style=""color:#bdc3c7"">abcnews.go.com</span></strong><span style=""color:#e60000"">&nbsp;</span>is the website of ABC (American Broadcast Company) News, the news division of parent company Walt Disney Television.</p>

<p><strong>Media Rating:</strong>&nbsp;Mediabiasfactcheck.com&nbsp;rates ABC News as High for factual reporting due to proper sourcing and a fact check record, and as Left-Center Biased based on story selection and word choices that moderately favor the left.&nbsp;&nbsp;See rating <a href=""https://mediabiasfactcheck.com/abc-news/"" target=""_blank"">here</a>.</p>

<p>&nbsp;</p>

<p>&nbsp;</p>

<p>&nbsp;</p>"
apnews.com,,"<h1>&nbsp;</h1>

<p><strong>Media Description:</strong>&nbsp;<strong><span style=""color:#bdc3c7"">apnews.com</span></strong><span style=""color:#e60000"">&nbsp;</span>is the web site of the Associated Press, a U.S. not-for-profit news agency that operates as a cooperative association of US newspapers and broadcasters.</p>

<p><strong>Media Rating:&nbsp;</strong>Mediabiasfactcheck.com&nbsp;rates it as <strong>Very High</strong> for factual reporting due to proper sourcing and a clean fact check record and thus is one of the most credible media sources. It&nbsp;is rated as borderline <strong>Left-Center</strong> Biased due to left-leaning editorializing. See rating <a href=""https://mediabiasfactcheck.com/associated-press/"" target=""_blank"">here</a>.</p>

<p>&nbsp;</p>"
foia.gov,,"<p><strong>Media Description: <span style=""color:#bdc3c7"">foia.gov</span></strong><span style=""color:#000000""><strong> </strong></span><span style=""color:#000000"">is the central website for Freedom Of Information Act information and is administered by the Department of Justice. It is a federal government resource for questions regarding the Freedom of Information Act including how to make an FOIA request, exclusions and exemptions, timelines and appeals.</span></p>

<p>&nbsp;</p>"
smithsonianmag.com,,"<p><strong>Media Description:<span style=""color:#ff0000""> </span><span style=""color:#bdc3c7"">Smithsonian Magazine (smithsonianmag.com)</span></strong><span style=""color:#000000""> is the official journal of the Smithsonian Institution, a national education facility with 19 museums, 9 research centers in Washington, D.C., and affiliates throughout the world.&nbsp;</span></p>

<p><strong>Media Rating:</strong>&nbsp; Mediabiasfactcheck.com rates it as <span style=""color:#000000""><strong>Very High</strong></span><span style=""color:#000000""> for factual reporting due to proper sourcing to credible research and a clean fact check record. It also rates it as a </span><span style=""color:#000000""><strong>Pro-Science</strong></span><span style=""color:#000000""> source which means it follows the scientific method, is unbiased and does not use emotional words and publishes research-based information on scien</span>ce. See rating <a href=""https://mediabiasfactcheck.com/?s=Smithsonian+magazine"">here.</a>&nbsp;</p>"
c-span.org,,"<p><strong>Media Description</strong>:&nbsp;<strong><span style=""color:#bdc3c7"">C-SPAN (c-span.org)</span></strong><span style=""color:#ff0000""> </span><span style=""color:#000000"">&nbsp;offers live, unfiltered access to the Congress and straightforward government news. The C-SPAN network includes three television channels (C-SPAN, C-SPAN2, and C-SPAN3), one radio station (WCSP-FM), and a group of websites that provide streaming media and archives of C-SPAN programs.</span></p>

<p><span style=""color:#000000""><strong>Media Rating</strong></span><span style=""color:#000000"">: </span>Mediabiasfactcheck.com<em><strong> </strong></em><span style=""color:#000000"">[mediabiasfactcheck.com] rates C-SPAN <strong>Very High</strong> for factual reporting based on unfiltered coverage of congress as well as&nbsp;<strong>Least Biased</strong>. See rating <a href=""https://mediabiasfactcheck.com/?s=c-span.org"">here</a>.</span></p>

<p>&nbsp;</p>"
everycrsreport.com,,"<p><strong>Media Description:<span style=""color:#ff0000""> </span><span style=""color:#bdc3c7"">everycrsreport.com</span></strong><span style=""color:#000000""><strong> </strong></span>(Congressional Research Service) is Congress&rsquo; think tank. Its reports are relied upon by academics, businesses, judges, policy advocates, students, librarians, journalists, and policymakers for accurate and timely analysis of important policy issues. As a legislative branch agency within the Library of Congress, CRS works primarily and directly for the Members of Congress, their Committees and staff on a confidential, non-partisan basis.</p>

<p><strong>Media Rating:</strong>&nbsp;Mediabiasfactcheck.com&nbsp;rates Congressional Research Service<span style=""color:#000000""> </span><span style=""color:#000000""><strong>Very High</strong></span><span style=""color:#000000""> for factual reporting through just straight reporting the congressional reports and </span><span style=""color:#000000""><strong>Least Biased</strong></span><span style=""color:#000000""> based on not editorializing content. See rating </span><a href=""https://mediabiasfactcheck.com/every-crs-report/""><span style=""color:#1155cc"">here</span></a><span style=""color:#000000"">.&nbsp;</span></p>

<p>&nbsp;</p>"
npr.org,,"<p><strong>Media Description:<span style=""color:#ff0000""> </span><span style=""color:#bdc3c7"">National Public Radio</span></strong><span style=""color:#ff0000""> </span><span style=""color:#000000"">(npr.org) is a national non-profit organization that produces and distributes news, talk, cultural programming, music and entertainment programs across broadcast and digital platforms. NPHR (New Hampshire Public Radio) is a local affiliate of NPR.</span></p>

<p>Media Rating: Mediabiasfactcheck.comche<span style=""color:#000000"">ck rates it as </span><span style=""color:#000000""><strong>Very High</strong></span><span style=""color:#000000""> for factual reporting due to thorough sourcing and very accurate news reporting&nbsp; and </span><span style=""color:#000000""><strong>Left-Center Biased</strong></span><span style=""color:#000000""> based on story selection that leans slightly lef</span>t. See rating <a href=""https://mediabiasfactcheck.com/npr/"">here</a>.&nbsp;</p>

<p>&nbsp;</p>"
snopes.com,,"<p>&nbsp;</p>

<p><strong>Media Description: <span style=""color:#bdc3c7"">Snopes (snopes.com)</span></strong> got its start in 1994, investigating urban legends, hoaxes, and folklore. It&rsquo;s the oldest and largest fact-checking site online, widely regarded by journalists, folklorists, and readers as an invaluable research companion.&nbsp;&nbsp;</p>

<p><strong>Media Rating:&nbsp;</strong>Mediabiasfactcheck.com rates Snopes <strong>Mostly Factual </strong>in&nbsp;reporting rather than High due to an investigation that indicates a co-founding editor engaged in plagiarism. The plagiarism was not related to Fact-Checks and they remain credible for fact-checking. It also rates it as&nbsp;<strong>Left-Center biased&nbsp;</strong>s based on news story selection&nbsp;that slightly favors a liberal perspective.&nbsp;See rating <a href=""https://mediabiasfactcheck.com/snopes/"" target=""_blank"">here</a>.&nbsp;&nbsp;</p>"
propublica.org,,"<p><strong>Media Description</strong>:&nbsp;<strong><span style=""color:#bdc3c7"">ProPublica&nbsp;(propublica.org)</span></strong>&nbsp;is a non-profit investigative journalism organization founded in 2007 and based in New York City. The&nbsp;stated mission is:<em>&ldquo; To expose abuses of power and betrayals of the public trust by government, business, and other institutions, using the moral force of investigative journalism to spur reform through the sustained spotlighting of wrongdoing.&rdquo;</em></p>

<p><strong>Media Rating</strong>: Mediabiasfactcheck.com rates it as factually&nbsp;<strong>High</strong>&nbsp;due to proper sourcing and evidence-based reporting and&nbsp;<strong>Left-Center</strong>&nbsp;biased based on story selection that favors the left. See rating&nbsp;<a href=""https://mediabiasfactcheck.com/propublica/"" target=""_blank"">here</a>.</p>"
axios.com,,"<p><strong>Media Description:</strong>&nbsp;<strong><span style=""color:#bdc3c7"">axios.com</span></strong> is an American news website founded in 2016. Their editorial ethics page states &ldquo;Axios strives to be worthy of our audience&rsquo;s trust. Our duty is to report news fairly using journalism&rsquo;s best practices and to always be transparent in what we do.&rdquo;</p>

<p><strong>Media Rating:</strong> Mediabiasfactcheck.com&nbsp;rates Axios&nbsp;<strong>High </strong>for factual reporting due to proper sourcing and zero failed fact checks and just <strong>Left of Center</strong>&nbsp;biased based on story selection that slightly favors the left.&nbsp;See rating <a href=""https://mediabiasfactcheck.com/axios/"">here</a>.</p>

<p>&nbsp;</p>"
nypost.com,,"<p><strong>Media Description:</strong> <strong><span style=""color:#bdc3c7"">The New York Post (nypost.com)</span></strong> is the website and tabloid newspaper owned by Rupert Murdoch&rsquo;s News Corp which owns many conservative/sensational media outlets around the world.</p>

<p><strong>Media Rating:</strong><a href=""https://verifyit.buzz/authoring/form-article.html#2""> </a>Mediabiasfactcheck.comrates it as <strong>Mixed </strong>(borderline questionable) for factual reporting based on several failed fact checks and on the far end of<strong> Right-Center Biased</strong> due to story selection that typically favors the Right and. See rating <a href=""https://mediabiasfactcheck.com/new-york-post/"">here</a>.</p>

<p>&nbsp;</p>"
whitehousehistory.org,,"<p><strong>Media Description:<span style=""color:#ff0000""> </span><span style=""color:#bdc3c7"">whitehousehistory.org</span></strong><span style=""color:#000000""> is the on-line publication of the White House Historical Association, a non-profit, nonpartisan historical and educational organization dedicated to understanding, appreciating, and preserving the Executive Mansion and recording its unique history. Started by First Lady Jacqueline Kennedy in 1961, it has published and distributed more than eight million books, videos and other educational materials and sponsored lectures, exhibits, and other outreach programs. It has provided free educational materials and traveling exhibits and videos to schools, universities and libraries, including the presidential libraries and museums. It is governed by a distinguished Board of Directors, from business and academia, and provides appropriate sourcing for its publications.</span></p>

<p>&nbsp;</p>"
vote.org,,"<p><strong>Media Description:</strong> <strong><span style=""color:#bdc3c7"">vote.org</span></strong> is a the largest non-profit non-partisan voting registration and get-out-the-vote (GOTV) technology platform in America. Vote.org&#39;s mission is to use technology to simplify political engagement, increase voter turnout, and strengthen American democracy.</p>"
technologyreview.com,,"<h1>&nbsp;</h1>

<p><strong>Media Description:</strong>&nbsp;<strong><span style=""color:#bdc3c7"">TheTechnology Review</span></strong><span style=""color:#e60000"">&nbsp;</span>is a magazine published by the Massachusetts Institute of Technology.</p>

<p><strong>Media Rating:</strong>&nbsp;Mediabiasfactcheck.com rates it as <strong>Very High</strong> on Factual Reporting and <strong>Pro-Science</strong>. These sources consist of legitimate science or are evidence based through the use of credible scientific sourcing, respect the consensus of experts in the given scientific field, and strive to publish peer reviewed science. Some sources in this category may have a <strong>slight political bias</strong>, but adhere to scientific principles. See rating <a href=""https://mediabiasfactcheck.com/mit-technology-review/"" target=""_blank"">here</a>.</p>

<p>&nbsp;</p>
"
biohackinfo.com,,"<h1>&nbsp;</h1>

<p><strong>Media Descripton:&nbsp;<span style=""color:#bdc3c7"">biohackinfo.com</span></strong>&nbsp;is an online conspiracy theory pseudo-science website and Facebook group that claims their goal is to &ldquo;democratize&rdquo; science. According to their <a href=""https://biohackinfo.com/about/ "" target=""_blank"">website</a>, it is created by a &quot;team of two experienced do-it-yourself biohackers.&quot; It lacks transparency because no information about the creators or their credentials is provided, giving you no way to evaluate the source. You need to independently check the accuracy of their claims.&nbsp;</p>

<p>&nbsp;</p>"
constitutionfacts.com,,"<p><strong>Media Description:<span style=""color:#ff0000""> </span><span style=""color:#bdc3c7"">constitutionfacts.com</span></strong><span style=""color:#000000""> is the website developed as an online companion to the book &quot;The U.S. Constitution &amp; Fascinating Facts About It.&rdquo; The book was initially published for law students. Oak Hill is the largest non-partisan publisher of pocket constitution books in the world.&nbsp;</span></p>

<p>&nbsp;</p>"
aclu.org,,"<p><strong>Media Description:<span style=""color:#ff0000"">&nbsp;</span><span style=""color:#bdc3c7"">aclu.org</span></strong><span style=""color:#ff0000""> </span><span style=""color:#000000"">is a nonpartisan, non-profit, organization&nbsp; whose stated mission is &ldquo;to defend and preserve the individual rights and liberties guaranteed to every person in this country by the Constitution and laws of the United States.&rdquo;&nbsp;</span></p>

<p><span style=""color:#000000""><strong>Media Rating:<em> </em></strong></span>Mediabiasfactcheck.com<span style=""color:#000000"">&nbsp;rates the it&nbsp;<strong>Mixed </strong>for factual reporting due to a few failed fact checks and&nbsp;<strong>Left-Center </strong>biased based on&nbsp;supporting left-leaning positions.&nbsp;</span>See rating <a href=""https://mediabiasfactcheck.com/?s=aclu"">here</a>.</p>

<p>&nbsp;</p>"
bustle.com,,"<p><strong>Media Description:<span style=""color:#ff0000""> </span><span style=""color:#bdc3c7"">bustle.com</span></strong><span style=""color:#000000""> is an online American women&#39;s magazine founded in August 2013 by Bryan Goldberg. It positions news and politics alongside articles about beauty, celebrities, and fashion trends. By September 2016, the website had 50 million monthly readers.</span></p>

<p><span style=""color:#000000""><strong>Media Rating:</strong></span><span style=""color:#000000""> </span>Mediabiasfactcheck.com <span style=""color:#000000"">rates it </span><span style=""color:#000000""><strong>Mostly Factual</strong></span><span style=""color:#000000""> in reporting due to proper sourcing of information and one failed fact check and </span><span style=""color:#000000""><strong>Left-Center</strong></span><span style=""color:#000000""> biased based on story selection that moderately favors the left. See rating </span><a href=""https://mediabiasfactcheck.com/bustle-magazine/""><span style=""color:#1155cc"">here</span></a><span style=""color:#000000"">.&nbsp;</span></p>

<p>&nbsp;</p>"
house.gov,,"<p><strong>Media Description: <span style=""color:#bdc3c7"">house.gov</span></strong> is the official website of the U.S. House of Representatives&nbsp;and is the primary reference source for the history, legislation and committees of the United States House of Representatives. It is the clearinghouse for the House of Representatives&nbsp;information on the web.&nbsp;</p>"
mtsu.edu/firstamendment,,"<p><strong>Media Description:</strong> <strong><span style=""color:#bdc3c7"">Free Speech Center of Middle Tennessee State University, (mtsu.edu/first-amendment) </span></strong>is a non-partisan, non-profit public policy center dedicated to building understanding of the five freedoms of the First Amendment through education, information and engagement. It publishes the <a href=""https://mtsu.edu/first-amendment/page/first-amendment-encyclopedia"">First Amendment Encyclopedia,</a> a collection of more than 1,500 articles on First Amendment topics, court cases and history, written to be accessible by young people and the general public. It does not participate in litigation or lobbying.</p>

<p>&nbsp;</p>"
epa.gov,,"<p><strong>Media Description</strong>: <strong><span style=""color:#bdc3c7"">epa.gov</span></strong> is the official website of the&nbsp;Environment Protection Agency (EPA), a federal agency. Its&nbsp;mission is to protect human health and the environment. It develops and enforces regulations, gives grants, studies environmental issues, sponsors partnerships, teaches people about the environment, and publishes information.&nbsp;&nbsp;</p>
"
fas.org,,"<p><strong>Media Description</strong>: <strong><span style=""color:#bdc3c7"">The&nbsp;Federation of American Scientists (FAS)</span></strong>&nbsp;is a non-profit, non-partisan organization that seeks to use scientific research and analysis to promote a safer and more secure world by developing and advancing solutions to important&nbsp;science and technology security policy problems by educating the public and policymakers.</p>

<p><strong>Media Rating: </strong>Mediabiasfactcheck.com rates it as <strong>High </strong>for factual reporting and as a <strong>Pro-science </strong>source based on sourcing and alignment with the consensus. Pro-Science means it follows the scientific method, is unbiased and does not use emotional words. Some sources may have a <strong>slight political bias</strong> but adhere to scientific principles.</p>
"
history.house.gov,,"<p><strong>Media Description:<span style=""color:#ff0000""> </span><span style=""color:#bdc3c7"">History.house.gov</span></strong><span style=""color:#000000""><strong><em> </em></strong></span><span style=""color:#000000"">is a collaborative project between the Office of the Historian and the Clerk of the House&#39;s Office of Art and Archives. Together, the offices serve as the House&rsquo;s institutional memory, a resource for Members, staff, and the general public.</span></p>

<p>&nbsp;</p>
"
pbs.org,,"<p><strong>Media Description:<span style=""color:#bdc3c7""> Public Broadcasting Service (pbs.org)</span></strong><span style=""color:#000000""> is a non-profit media organization that distributes television content to its member stations in areas including entertainment, arts, education, sports, and news. Funding for PBS comes from member stations&rsquo; dues,</span> the U.S. government, state governments, and donations from corporations, foundations, and individual viewers.&nbsp;</p>

<p>&nbsp;</p>"
commonsensemedia.org,,"<p>&nbsp;</p>

<p><strong>Media Description:<span style=""color:#ff0000""> </span><span style=""color:#bdc3c7"">commonsensemedia.org</span></strong><span style=""color:#000000"">&nbsp;is&nbsp;a non-profit organization that provides information tools, reviews, ratings, recommended lists, viewing tips, and advocacy services for age-based media and educational ratings and reviews for movies, games, apps, TV shows, websites and books.</span></p>

<p>&nbsp;</p>"
constitutioncenter.org,,"<p><strong>Media Description:<span style=""color:#ff0000""> </span><span style=""color:#bdc3c7"">Constitution Daily</span></strong><span style=""color:#ff0000""> </span><span style=""color:#000000"">(constitutioncenter.org)</span><span style=""color:#ff0000""> </span><span style=""color:#000000"">is the blog of the National Constitution Center, a non-profit, non-partisan institution devoted to the United States Constitution. Constitution Daily covers news stories related to court cases or news that is about constitutional rights. It brings together leading conservative and liberal thought leaders to debate.</span></p>

<p><strong>Media Rating</strong>: Mediabiasfactcheck.com rates it as <span style=""color:#000000""><strong>High</strong></span><span style=""color:#000000""> for Factual reporting due to a clean fact check record and </span><span style=""color:#000000""><strong>Least-Biased</strong></span><span style=""color:#000000"">. These sources have minimal bias and use very few loaded words (wording that attempts to influence an audience by using appeal to emotion or stereotypes). The reporting is factual and usually sourced. These are the most credible media sources. </span>See rating <a href=""https://mediabiasfactcheck.com/constitution-daily/"">here</a>.</p>

<p>&nbsp;</p>"
insidehook.com,,"<h1>&nbsp;</h1>

<p><strong>Media Description:</strong>&nbsp;<strong><span style=""color:#bdc3c7"">Inside Hook</span></strong><span style=""color:#e60000"">&nbsp;</span>is an online platform that describes itself as a source for adventuresome and discerning men, providing users with insights and articles on lifestyle.</p>

<p>&nbsp;</p>

<p>&nbsp;</p>
"
voanews.com,,"<p><strong>Media Description:</strong> <strong><span style=""color:#bdc3c7"">Voice of America (voanews.com)</span></strong><span style=""color:#ff0000"">&nbsp;</span> is a United States government-funded multimedia news source and the official external broadcasting institution of the United States, providing programming for broadcast on radio, TV, and the Internet outside of the US in English, and some foreign languages.</p>

<p><strong>Media Rating:</strong> Mediabiasfactcheck.com&nbsp;rates Voice of America as <strong>High </strong>for factual reporting due to proper sourcing and a clean fact check record and <strong>Least Biased</strong> based on balanced story selection and minimal use of loaded words. See rating <a href=""https://mediabiasfactcheck.com/voice-of-america/"">here</a>.&nbsp;</p>

<p>&nbsp;</p>
"
fec.gov,,"<p><strong>Media Description:</strong>&nbsp;<span style=""color:#bdc3c7""><strong>fec.gov </strong></span>is an official website of the U.S. government. It is an independent government agency, created by Congress in 1974. It was created to promote confidence and participation in the democratic process.&nbsp;</p>"
washingtonpost.com,,"<h1>&nbsp;</h1>

<p><strong>Media Description:</strong>&nbsp;<strong><span style=""color:#bdc3c7"">The Washington Post</span></strong><span style=""color:#e60000"">&nbsp;</span>is a major American daily newspaper published in Washington, D.C. It is the most widely circulated newspaper in the Washington metropolitan area and widely read around the country. It has won numerous Pulitzer Prizes.</p>

<p><strong>Media Rating:</strong>&nbsp;Mediabiasfactcheck.com rates its factual reporting as <strong>High </strong>due to the use of proper sources and a reasonable fact check record and as <strong>Left-Center</strong> Biased based on editorial positions that Moderately favors the Left. See rating <a href=""https://mediabiasfactcheck.com/washington-post/"" target=""_blank"">here</a>.</p>

<p>&nbsp;</p>
"
climate.nasa.gov,,"<p><strong>Media Description:<span style=""color:#ff0000""> </span><span style=""color:#bdc3c7"">NASA Global Climate Change (climate.nasa.gov) </span></strong><span style=""color:#000000"">is a website produced by the Earth Science Communications Team at NASA&rsquo;s Jet Propulsion Laboratory and the California Institute of Technology. NASA is the National Aeronautics and Space Administration, an independent agency of the executive branch of the US government responsible for the civilian space program as well as aeronautics and aerospace research.</span></p>

<p><strong>Media Rating</strong>: Mediabiasfactcheck.com rates it as <strong>Very High</strong> for factual reporting and as <strong>Pro-Science</strong>, which means it follows the scientific method, is unbiased and does not use emotional words. Some sources may have a slight political bias but adhere to scientific principles. See rating <a href=""https://mediabiasfactcheck.com/nasa/"">here</a>.</p>

<p><span style=""color:#000000"">&nbsp;</span></p>

<p>&nbsp;</p>"
csis.org,,"<p><strong>Media Description:<span style=""color:#ff0000""> </span><span style=""color:#bdc3c7"">Center for Strategic and International Studies</span></strong><span style=""color:#ff0000""> </span><span style=""color:#000000"">(csis.org) </span><span style=""color:#000000""><span style=""background-color:#ffffff"">i</span></span>s a bi-partisan Washington DC-based think tank non-profit policy research organization dedicated to providing strategic insights and policy solutions to help decision makers chart a course toward a better world.&nbsp;</p>

<p><span style=""color:#000000""><strong>Media Rating</strong></span><span style=""color:#000000"">: </span>Mediabiasfactcheck.com&nbsp;<span style=""color:#000000"">rates it as </span><span style=""color:#000000""><strong>Very High</strong></span><span style=""color:#000000""> for factual reporting due to exceptional sourcing of information and a clean fact check record, and </span><span style=""color:#000000""><strong>Least-Biased</strong></span><span style=""color:#000000""> based on balanced story selection and minimal editorial bias. </span>See rating <a href=""https://mediabiasfactcheck.com/center-for-strategic-and-international-studies/"">here</a>.&nbsp;</p>

<p>&nbsp;</p>"
teachingamericanhistory.org,,"<p><strong>Media Description:<span style=""color:#ff0000""> </span><span style=""color:#bdc3c7"">teachingamericanhistory.org<span style=""background-color:#ffffff""> </span></span></strong><span style=""color:#000000"">is a project of the Ashbrook Center at Ashland University, a respected Christian-identified private University.The Center is an independent, non-partisan non-profit with a stated mission to restore and strengthen the capacities of the American people for constitutional self-government. It is a leading online resource for teachers of American history, government, and civics.</span></p>

<p>&nbsp;</p>

<p>&nbsp;</p>"
eff.org,,"<p><strong>Media Description:</strong> <strong><span style=""color:#bdc3c7"">The Electronic Frontier Foundation</span></strong><span style=""color:#ff0000""> </span><span style=""color:#000000"">(eff.org) is </span>an international non-profit digital rights group based in San Francisco, California. The EFF is dedicated to the defense of free speech, protection of privacy and consumer rights for internet users.&nbsp;</p>

<p><span style=""color:#000000""><strong>Media rating:</strong></span><span style=""color:#000000"">&nbsp;</span>Mediabiasfactcheck.com&nbsp;<span style=""color:#000000"">rates it as </span><span style=""color:#000000""><strong>High</strong></span><span style=""color:#000000""> for factual reporting and </span><span style=""color:#000000""><strong>Left-Center</strong></span><span style=""color:#000000""> </span><span style=""color:#000000""><strong>Biased</strong></span><span style=""color:#000000""> based on political affiliation with issues that align more with the political left. See rating </span><a href=""https://mediabiasfactcheck.com/electronic-frontier-foundation/""><span style=""color:#f1c40f"">here</span></a><span style=""color:#f1c40f"">.</span><span style=""color:#000000"">&nbsp;</span></p>

<p>&nbsp;</p>"
wset.com,,"<p><span style=""color:#000000""><strong>Media Description: </strong></span><strong><span style=""color:#bdc3c7"">wset.com (WSET-TV)</span></strong><span style=""color:#000000"">, virtual channel 13, is an ABC-affiliated television station licensed to Lynchburg, Virginia, United States and also serving Roanoke. The station is owned by the Sinclair Broadcast Group.</span></p>

<p><span style=""color:#000000""><strong>Media Rating:</strong>&nbsp;</span>Mediabiasfactcheck.com rates the Sinclair Broadcast Group, Inc.&#39;s factual reporting as <strong>Mixed </strong>as some sources in this category may be untrustworthy and as <strong>Moderately to Strongly Biased toward conservative causes</strong> through story selection and/or political affiliation. In 2018, it came under criticism for providing local news reporters with &quot;mandated scripts,&quot; one of which discussed &quot;fake news.&quot; See rating <a href=""https://mediabiasfactcheck.com/sinclair-broadcast-group/ "" target=""_blank"">here</a>.</p>

<p>&nbsp;</p>

<p>&nbsp;</p>
"
empirenews.net,,"<h1>&nbsp;</h1>

<p><strong>Media Description:&nbsp;<span style=""color:#bdc3c7"">empirenews.net</span></strong><span style=""color:#e60000"">&nbsp;</span>is a satire site.&nbsp;</p>

<p><strong>Media Rating:</strong>&nbsp;Mediabiasfactcheck.com&nbsp;finds that these sources exclusively use humor, irony, exaggeration, or ridicule to expose and criticize people&rsquo;s stupidity or vices, particularly in the context of contemporary politics and other topical issues and that primarily these sources are clear that they are satire and do not attempt to deceive. It also finds that the website appropriately disclaims they are <strong>satire</strong>. See rating <a href=""https://mediabiasfactcheck.com/empire-news/"" target=""_blank"">here</a>.&nbsp;&nbsp;</p>

<p>&nbsp;</p>"
thoughtco.com,,"<p><strong>Media Description:</strong> <strong><span style=""color:#bdc3c7"">thoughtco.com</span></strong> is a premier reference site with a 20+ year focus on expert-created educational content. It is one of the top-10 information sites, as measured by comScore, a leading Internet measurement company.&nbsp;</p>

<p><strong>Media Rating:</strong>&nbsp;Mediabiasfactcheck.com rates it as <strong>Very High</strong> for factual reporting due to excellent sourcing of information and being used to assist in fact checks and <strong>Least Biased</strong> based on minimal use of loaded language and simply answering questions with evidence. See rating <a href=""https://mediabiasfactcheck.com/thoughtco/"">here</a>.&nbsp;</p>

<p>&nbsp;</p>"
unep.org,,"<p><strong>Media Description:<span style=""color:#ff0000""> </span><span style=""color:#bdc3c7"">unep.org The Intergovernmental Panel on Climate Change (IPCC)</span></strong><span style=""color:#000000""> is the United Nations program body for assessing the science related to climate change. It was created to provide policymakers with regular scientific assessments on climate change, its implications and potential future risks, as well as to put forward adaptation and mitigation options.</span></p>

<p><strong>Media Rating: </strong>Mediabiasfactcheck.com rates UNE<span style=""color:#000000"">P.org, of which the IPCC is a part, as </span><span style=""color:#000000""><strong>High</strong></span><span style=""color:#000000""> for factual reporting due to a clean fact check record and as </span><span style=""color:#000000""><strong>Pro-Science</strong></span><span style=""color:#000000""> based on supporting the consensus of science regarding climate change and because it follows the scientific method, is <strong>unbiased </strong>and does not use emotional words and publishes research-based information on science. See rating </span><a href=""https://mediabiasfactcheck.com/?s=UNEP.org""><span style=""color:#f1c40f"">here</span></a><span style=""color:#000000"">.</span></p>

<p>&nbsp;</p>"
unfcc.int,,"<p><strong>Media Description:<span style=""color:#ff0000""> </span><span style=""color:#bdc3c7"">United Nations Climate Change (unfcc.int)</span></strong><span style=""color:#000000""> is the web site of The United Nations Framework Convention on Climate Change, the United Nations entity tasked with supporting the global response to the threat of climate change.&nbsp;&nbsp;</span></p>

<p><strong>Media Rating:</strong> Mediabiasfactcheck.com&nbsp;rates the United Nations Environment Programme <strong>Pro-Science</strong> based on supporting the consensus of science regarding climate change and rates them <strong>High </strong>for factual reporting due to a clean fact check record. See rating <a href=""https://mediabiasfactcheck.com/united-nations-environment-programme-unep/"">here</a>.&nbsp;</p>

<p>&nbsp;</p>
"
hoover.org,,"<p><strong>Media Description: <span style=""color:#bdc3c7"">Hoover Institution</span></strong><span style=""color:#ff0000""> </span><span style=""color:#000000"">(hoover.org) is a public policy think tank started by former President Herbert Hoover, situated at Stanford University. It&rsquo;s stated mission is to &ldquo;secure and safeguard peace, improve the human condition, and limit government intrusion into the lives of individuals&rdquo; by &ldquo;collecting knowledge, generating ideas, and disseminating both.&rdquo;</span></p>

<p><span style=""color:#000000""><strong>Media Bias</strong></span><span style=""color:#000000"">:</span>&nbsp;Mediabiasfactcheck.com&nbsp;<span style=""color:#000000"">rates it as </span><span style=""color:#000000""><strong>High</strong></span><span style=""color:#000000""> for factual reporting due to a clean fact check record and </span><span style=""color:#000000""><strong>Right-Center</strong></span><span style=""color:#000000""> </span><span style=""color:#000000""><strong>Biased</strong></span><span style=""color:#000000""> based on economic positions that align with the conservative right, coupled with left-leaning libertarian social stances. See rating </span><a href=""https://mediabiasfactcheck.com/hoover-institution/""><span style=""color:#1155cc"">here</span></a><span style=""color:#000000"">.&nbsp;</span></p>

<p>&nbsp;</p>"
virginiamercury.com,,"<p><strong>Media Description:<span style=""color:#ff0000""><strong> </strong></span><span style=""color:#bdc3c7"">virginiamercury.com</span></strong><span style=""color:#000000""><strong> </strong></span><span style=""color:#000000"">is an independent, non-profit online news organization covering state government and policy.</span></p>

<p><span style=""color:#000000""><strong>Media Rating:&nbsp; </strong></span>Mediabiasfactcheck.com rates the Virginia Mercury as <span style=""color:#000000""><strong>High </strong></span><span style=""color:#000000"">for factual reporting due to proper sourcing of information and clean fact check record and </span><span style=""color:#000000""><strong>Left-Center </strong></span><span style=""color:#000000"">Biased based on story selection and editorial positions that moderately favor the left.</span></p>"
investopedia.com,,"<p><strong>Media Description:<span style=""color:#ff0000""> </span><span style=""color:#bdc3c7"">Investopedia</span></strong><span style=""color:#000000""> (investopedia.com) is an educational finance news and services website based in New York. Investopedia focuses on investing, education and financial news. It also features a section dedicated to Political News.</span></p>

<p><strong>Media Rating:</strong> Mediabiasfactcheck.com&nbsp;rates it<span style=""color:#000000""> </span><span style=""color:#000000""><strong>High</strong></span><span style=""color:#000000""> for factual reporting due to proper sourcing and a clean fact check record and </span><span style=""color:#000000""><strong>Least Biased</strong></span><span style=""color:#000000""> based on neutral news reporting as well as low biased editorial positions. See rating </span><a href=""https://mediabiasfactcheck.com/?s=Investopedia.com""><span style=""color:#1155cc"">here</span></a><span style=""color:#000000"">.</span></p>

<p>&nbsp;</p>"
ushistory.org,,"<p><strong>Media Description: <span style=""color:#bdc3c7"">ushistory.org</span></strong><span style=""color:#ff0000""> </span><span style=""color:#000000"">is the website of the Independence Hall Association, a nonprofit educational organization that seeks to educate and motivate an informed citizenry that can shape the future. They are one of the preeminent providers of online US history, from the pre-colonial era to the present with additional online educational presentations on American Government, Ancient Civilizations and other people, places and events in US history.</span></p>

<p>&nbsp;</p>"
alternet.org,,"<h1>&nbsp;</h1>

<p><strong>Media Description:<span style=""color:#e60000""> </span><span style=""color:#bdc3c7"">Alternet.org</span></strong> is an American international and national political news website transformed in 2018 to an online tabloid.</p>

<p><strong>Media Rating</strong>: Mediabiasfactcheck.com rates it as <strong>Mixed</strong> for factual reporting due to a few failed fact checks as well as the promotion of pseudoscience, and as <strong>Far Left</strong> Biased based on story selection and wording that always favors the left. See rating <a href=""https://mediabiasfactcheck.com/alternet/"" target=""_blank"">here</a>.</p>

<p>&nbsp;</p>
"
babylonbee.com,,"<h1>&nbsp;</h1>

<p><strong>Media Description:</strong>&nbsp;<strong><span style=""color:#bdc3c7"">babylonbee.com</span></strong> is a Christian news satire website. Their tagline reads: The Babylon Bee is Your Trusted Source For Christian News Satire.</p>

<p><strong>Media Rating: </strong>Mediabiasfactcheck.com&nbsp;rates it as <strong>SATIRE</strong>. These sources exclusively use humor, irony, exaggeration, or ridicule to expose and criticize people&rsquo;s stupidity or vices, particularly in the context of contemporary politics and other topical issues. Primarily these sources are clear that they are satire and do not attempt to deceive. See rating <a href=""https://mediabiasfactcheck.com/babylon-bee/"" target=""_blank"">here</a>.</p>

<p>&nbsp;</p>

<p>&nbsp;</p>"
nasa.gov,,"<p><strong>Media Description:<span style=""color:#ff0000""> </span><span style=""color:#bdc3c7"">NASA (nasa.gov)</span></strong><span style=""color:#000000""> is an independent agency of the executive branch of the United States federal government responsible for the civilian space program as well as aeronautics and aerospace research. NASA provides news and information about the agency, its missions, and science-based news.&nbsp;&nbsp;&nbsp;</span></p>

<p><strong>Media Rating:</strong>&nbsp;<em><strong>&nbsp;</strong></em>Mediabiasfactcheck.com rates it<span style=""color:#000000""> as </span><span style=""color:#000000""><strong>Very High</strong></span><span style=""color:#000000""> for factual reporting and as </span><span style=""color:#000000""><strong>Pro-Science,</strong></span><span style=""color:#000000""> </span>which means it follows the scientific method, is unbiased and does not use emotional words. Some sources may have a slight political bias but adhere to scientific principles. See rating <a href=""https://mediabiasfactcheck.com/nasa/"">here</a>.</p>

<p>&nbsp;</p>"
patch.com,,"<p>&nbsp;</p>

<p><strong>Media Description: <span style=""color:#bdc3c7"">Patch (patch.com)</span></strong><span style=""color:#000000"">, founded in 2007, is a hyperlocal news and information site which was formerly part of AOL. It is an online news and information portal for 1200 neighborhood and community websites across the USA.</span></p>

<p><span style=""color:#000000""><strong>Media Rating: </strong></span>Mediabiasfactcheck.com <span style=""color:#000000"">rates it </span><span style=""color:#000000""><strong>High</strong></span><span style=""color:#000000""> for factual reporting due to thorough sourcing and </span><span style=""color:#000000""><strong>Least Biased</strong></span><span style=""color:#000000""> based on balanced story selection and neutral language. See rating here. See rating </span><a href=""https://mediabiasfactcheck.com/patch/""><span style=""color:#f1c40f"">here</span></a><span style=""color:#000000"">.</span></p>

<p>&nbsp;</p>"
firstamendmentwatch.org,,"<p><strong>Media Description:</strong> <strong><span style=""color:#bdc3c7"">firstamendmentwatch.org</span></strong>, a project of the Arthur L. Carter Journalism Institute at New York University, is an online news and educational resource for journalists, educators and students. Its goal is to educate the public about the critical role the First Amendment plays in our Democracy and to increase civic engagement. As an aggregation site, it provides links to analysis and commentary from varying points of view and is committed to providing a nonpartisan description of First Amendment issues.&nbsp;</p>

<p>&nbsp;</p>"
usa.gov,,"<p><strong>Media Description: <span style=""color:#bdc3c7"">usa.gov</span></strong><span style=""color:#ff0000""> </span><span style=""color:#000000"">is the official online guide to government information and services. Its mission is to create and organize timely, needed government information and services and make them accessible anytime, anywhere.</span></p>

<p>&nbsp;</p>"
nature.com,,"<p><strong>Media Description:<span style=""color:#ff0000""> </span><span style=""color:#bdc3c7"">Nature</span></strong><span style=""color:#000000""> (nature.com) is a weekly international journal publishing peer-reviewed research in all fields of science and technology on the basis of its originality, importance, interdisciplinary interest, timeliness, accessibility, elegance and surprising conclusions. Nature also provides rapid, authoritative, insightful and arresting news and interpretation of topical and coming trends affecting science, scientists and the wider public.</span></p>

<p><strong>Media rating:</strong>&nbsp; Mediabiasfactcheck.com rates Nature.com<span style=""color:#000000""> as </span><span style=""color:#000000""><strong>Very high</strong></span><span style=""color:#000000""> for factual reporting and </span><span style=""color:#000000""><strong>Pro-Science</strong></span><span style=""color:#000000""> which means it follows the scientific method, is unbiased and does not use emotional words. Some sources in this category may have a </span><span style=""color:#000000""><strong>slight political bias</strong></span><span style=""color:#000000"">, but adhere to scientific principles. See rating </span><a href=""https://mediabiasfactcheck.com/nature/""><span style=""color:#f1c40f"">here</span></a><span style=""color:#000000"">.</span></p>

<p>&nbsp;</p>"
pubmed.gov,,"<p><strong>Media Description:<span style=""color:#ff0000""> </span><span style=""color:#bdc3c7"">pubmed.gov</span></strong><span style=""color:#000000""> is a free search engine accessing primarily the MEDLINE database of references and abstracts on life sciences and biomedical topics. Pubmed is owned by the National Library of Medicine (NLM), which is a part of the National Institutes of Health.</span></p>

<p><strong>Media Rating:</strong> Mediabiasfactcheck.com rates&nbsp;<span style=""color:#000000"">it as a </span><span style=""color:#000000""><strong>highly factual Pro-Science</strong></span><span style=""color:#000000""> source </span>which means it follows the scientific method, is unbiased and does not use emotional words.<span style=""color:#000000"">These sources also respect the consensus of experts in the given scientific field and strive to publish peer reviewed science. Some sources in this category may have a </span><span style=""color:#000000""><strong>slight political bias</strong></span><span style=""color:#000000"">, but adhere to scientific principles. See rating </span><a href=""https://mediabiasfactcheck.com/?s=pubmed.gov""><span style=""color:#1155cc"">here</span></a><span style=""color:#000000"">.</span></p>

<p>&nbsp;</p>"
uscourts.gov,,"<p><strong>Media Description:<span style=""color:#ff0000""> </span><span style=""color:#bdc3c7"">US Courts (uscourts.gov)</span></strong><span style=""color:#000000""> is the website of the Federal Courts and is the official government source of information on cases, court roles and structure, judicial administration, and educational resources related to these Courts. The U.S. Courts were created under Article III of the Constitution to administer justice fairly and impartially, within the jurisdiction established by the Constitution and Congress.&nbsp;&nbsp;</span></p>

<p>&nbsp;</p>

<p>&nbsp;</p>
"
businessinsider.com,,"<h1>&nbsp;</h1>

<p><strong>Media Description:&nbsp;<span style=""color:#bdc3c7"">businessinsider.com</span></strong>&nbsp;is a US financial and business news website owned by a German publishing house, which also operates in other nations and internationally.</p>

<p><strong>Media Rating:</strong>&nbsp;Mediabiasfactcheck.com&nbsp;rates it as <strong>High</strong> for factual reporting, proper sourcing and a reasonable fact check record and as <strong>LeftCenter</strong> Biased based on story selection. See rating <a href=""https://mediabiasfactcheck.com/business-insider/"" target=""_blank"">here</a>.</p>

<p>&nbsp;</p>"
techdirt.com,,"<p><strong>Media Description:</strong> <strong><span style=""color:#bdc3c7"">Techdirt.com(techdirt.com)</span></strong>, founded in&nbsp;1997, Techdirt is an internet blog that reports on technology&#39;s legal challenges and related business and economic policy issues, in the context of the digital revolution.&nbsp;It focuses on intellectual property, patent, information privacy, and copyright reform in particular and has expanded to include civil liberties and consumer rights.&nbsp;Techdirt has been nominated for a&nbsp;Webby Award for excellence on the internet.</p>

<p><strong>Media Rating:</strong> Mediabiasfactcheck.com&nbsp;rates it High for factual reporting due to proper sourcing and a clean fact check record and Left-Center biased based on policy positions and story selection that moderately favors the left. See rating <a href=""https://mediabiasfactcheck.com/techdirt/"">here</a>.&nbsp;</p>"
marketwatch,,"<h1>&nbsp;</h1>

<p><strong>Media Description:</strong>&nbsp;<strong><span style=""color:#bdc3c7"">MarketWatch</span></strong>&nbsp;is a financial news program.</p>

<p><strong>Media Rating:</strong>&nbsp;Mediabiasfactcheck.com rates it as <strong>High </strong>for factual reporting due to proper sourcing and a clean fact check record, and as <strong>Right-Center</strong> Biased based on economic positions that slightly favor the right. See rating <a href=""https://mediabiasfactcheck.com/marketwatch/ "" target=""_blank"">here</a>.&nbsp;</p>

<p>&nbsp;</p>
"
reuters.com/fact-check,,"<p><strong>Media Description:<span style=""color:#d35400""> </span><span style=""color:#bdc3c7"">reuters.com/fact-check</span></strong> is the fact-checking unit within the editorial department of Reuters News. The principal aim of this unit is to fact-check visual material and claims posted on social media. The fact checking producers in this unit report their findings on a specially created blog and work with Facebook as part of its third-party fact-checking program.</p>

<p><strong>Media Rating</strong>: Mediabiasfactcheck.com rates Reuters News <strong>Very High </strong>for factual reporting due to proper sourcing of information with minimal bias and a clean fact check record.</p>

<p>&nbsp;</p>"
ucsusa.org,,"<p><strong>Media Description:<span style=""color:#ff0000""> </span><span style=""color:#bdc3c7"">The Union of Concerned Scientists (ucsusa.org)</span></strong><span style=""color:#000000"">&nbsp; is a nonprofit science advocacy organization based in the United States. The UCS membership includes many private citizens in addition to professional scientists.</span></p>

<p><strong>Media rating:</strong> Mediabiasfactcheck.com rates it as <strong>Mostly Factual</strong> in reporting rather than High due to occasionally publishing misleading information regarding GMOs, and as <strong>Left-Center Biased</strong> based on political advocacy that aligns with liberal policy. See rating <a href=""https://mediabiasfactcheck.com/?s=Union+of+concerned+scientists"">here</a>.&nbsp;</p>

<p>&nbsp;</p>"
usatoday.com,,"<h1>&nbsp;</h1>

<p><strong>Media Description:&nbsp;<span style=""color:#bdc3c7"">usatoday.com</span></strong>&nbsp;is the website of USAToday, a widely printed and internationally distributed American daily newspaper that is the flagship publication of Gannet, a US mass-media holding company.</p>

<p><strong>Media Rating:&nbsp;</strong>Mediabiasfactcheck.com rates USA Today&#39;s Factual Reporting <strong>High </strong>due to proper sourcing and <strong>Left-Center </strong>Biased based on editorial positions that slightly favor the left. See rating <a href=""https://mediabiasfactcheck.com/usa-today-2/"" target=""_blank"">here</a>.</p>

<p>&nbsp;</p>"
cnet.com,,"<p><strong>Media Description:</strong> <strong><span style=""color:#bdc3c7"">cnet.com</span></strong><span style=""color:#000000""> is an American media website and division of CBS that publishes reviews, news, articles, blogs, podcasts and videos on technology and consumer electronics.&nbsp;</span></p>

<p><span style=""color:#000000""><strong>Media Rating: </strong></span>Mediabiasfactcheck.com <span style=""color:#000000"">rates it as </span><span style=""color:#000000""><strong>High</strong></span><span style=""color:#000000""> for factual reporting due to proper sourcing and a clean fact check record. They also rates it&nbsp;</span>as<span style=""color:#202122""><span style=""background-color:#ffffff""> </span></span><span style=""color:#000000""><strong>Least Biased</strong></span><span style=""color:#000000""> based on the publication of straightforward news without editorial bias.</span> See rating <a href=""https://mediabiasfactcheck.com/cnet/"">here</a>.</p>

<p>&nbsp;</p>"
loc.gov,,"<p><strong>Media Description:</strong> <strong><span style=""color:#bdc3c7"">Library of Congress (loc.gov)</span></strong> is&nbsp;the national library of the United States and the largest library in the world. Located in Washington, D.C., the Library of Congress is an agency of the legislative branch of the U.S. government and provides direct research assistance to Congress.&nbsp;</p>

<p>&nbsp;</p>"
yaleclimateconnections.org,,"<p>&nbsp;</p>

<p><strong>Media Description:</strong><span style=""color:#ff0000"">&nbsp;</span><strong><span style=""color:#bdc3c7""> Yale&nbsp;Climate Connections (yaleconnections.org)</span></strong><span style=""color:#000000""> is an independent, nonprofit, and nonpartisan news organization focused on climate change. It is based at the Yale Center for Environmental Communication, part of the Yale School of Forestry &amp; Environmental Studies. YCC provides original reporting, commentary and analysis online and a daily radio program broadcast on 500 stations nationwide.</span></p>

<p>&nbsp;</p>
"
militarytimes.com,,"<p><strong>Media Description:&nbsp;<span style=""color:#bdc3c7"">Military Times (</span><a href=""http://militarytimes.com/"" target=""_blank""><span style=""color:#bdc3c7"">militarytimes.com</span></a><span style=""color:#bdc3c7"">)</span></strong>&nbsp;provides news and information, daily newsletters, video content, and podcasts to the U.S. military community.</p>

<p><strong>Media Rating:&nbsp;</strong>&nbsp;Mediabiasfactcheck.com rates Military Times&nbsp;<strong>High</strong>&nbsp;for factual reporting due to proper sourcing of information and a clean fact check record and&nbsp;<strong>Least Biased</strong>&nbsp;based on balanced news reporting. See rating&nbsp;<a href=""https://mediabiasfactcheck.com/military-times/"" target=""_blank"">here</a>.&nbsp;</p>"
sciencenews.org,,"<p><strong>Media Description:<span style=""color:#e60000""><em> </em></span><span style=""color:#bdc3c7"">Science News (sciencenews.org)</span></strong><span style=""color:#000000""> was founded as an independent nonprofit in 1921. It is published by the Society for Science, a nonprofit 501(c)(3) organization dedicated to expanding scientific literacy, effective STEM education and scientific research. Its mission is to provide independent unbiased coverage of science and give people the tools to evaluate the news and the world around them.</span></p>

<p><span style=""color:#000000""><strong>Media Rating</strong></span><span style=""color:#000000"">:</span><a href=""https://verifyit.buzz/authoring/form-article.html#1""><span style=""color:#000000""> </span></a>Mediabiasfactcheck.com <span style=""color:#000000"">rates it </span><span style=""color:#000000""><strong>Very High</strong></span><span style=""color:#000000""> for factual reporting and as <strong>Pro-Science</strong>, which means it follows the scientific method, is unbiased and does not use emotional words, and is based on support for the consensus and proper sourcing to credible outlets and peer-reviewed journals. Some sources in this category may have a <strong>slight political bias</strong>, but adhere to scientific principles. See rating</span><a href=""https://mediabiasfactcheck.com/science-news/""><span style=""color:#000000""> </span><span style=""color:#f1c40f"">here</span></a><span style=""color:#000000"">.</span></p>

<p>&nbsp;</p>"
americanbar.org,,"<p><strong>Media Description:<span style=""color:#ff0000""> </span><span style=""color:#bdc3c7"">americanbar.org (americanbar.org) </span></strong><span style=""color:#000000"">is the official website of the American Bar Association (ABA). Their mission is &ldquo;to serve equally our members, our profession and the public by defending liberty and delivering justice as the national representative of the legal profession.&rdquo;</span></p>

<p>&nbsp;</p>
"
brookings.edu,,"<p><strong>Media Description:<span style=""color:#ff0000""> </span><span style=""color:#bdc3c7"">Brookings Institute (brookings.edu)</span></strong><span style=""color:#ff0000""> </span><span style=""color:#000000"">is an American research group. It conducts research and education in the social sciences, primarily in economics, metropolitan policy, governance, foreign policy, and global economy and development.&nbsp;</span></p>

<p><span style=""color:#000000""><strong>Media Rating:</strong></span><span style=""color:#000000""><strong><em> </em></strong></span>Mediabiasfactcheck.com rates<span style=""color:#000000"">&nbsp;it </span><span style=""color:#000000""><strong>Very High</strong></span><span style=""color:#000000""> for factual reporting due to strong sourcing and a clear fact check record and </span><span style=""color:#000000""><strong>Left-Center Biased</strong></span><span style=""color:#000000""> based on donations to primarily Democratic candidates, as well as policy advocacy that slightly favors the left. </span>See rating <a href=""https://mediabiasfactcheck.com/brookings-institute/"">here</a>.&nbsp;</p>

<p>&nbsp;</p>"
crsreports.congress.gov,,"<p><span style=""color:#000000""><strong>Media Description: </strong></span><strong><span style=""color:#bdc3c7"">Congressional Research Service (CRS)</span></strong><span style=""color:#ff0000"">&nbsp;</span><span style=""color:#000000"">known as Congress&rsquo;s think tank, is a public policy research institute of the US Congress. As a legislative branch agency within the Library of Congress, CRS works primarily and directly for the Members of Congress, their Committees and staff on a confidential, non-partisan basis.</span></p>

<p><strong>Media Rating:</strong>&nbsp;Mediabiasfactcheck.com rates<span style=""color:#000000""> Congressional Research Service </span><span style=""color:#000000""><strong>Very High</strong></span><span style=""color:#000000""> for factual reporting and usually sourced. It is also rated </span><span style=""color:#000000""><strong>Least Biased</strong></span><span style=""color:#000000""> as it uses very few loaded words - it is among the most credible media sources.</span></p>

<p><span style=""color:#000000"">See rating </span><a href=""https://mediabiasfactcheck.com/every-crs-report/""><span style=""color:#1155cc"">here</span></a><span style=""color:#000000"">.&nbsp;</span></p>
"
time.com,,"<p><strong>Media Description: <span style=""color:#bdc3c7"">Timemagazine (time.com)</span></strong><span style=""color:#000000""> is an American news magazine and news website published and based in New York City. It was first published in New York City on March 3, 1923, and for many years it was run by its influential co-founder Henry Luce.</span></p>

<p><span style=""color:#000000""><strong>Media Rating: </strong></span><span style=""color:#000000"">Mediabiasfactcheck</span><span style=""color:#000000""><strong>&nbsp;</strong></span><span style=""color:#000000"">rates it </span><span style=""color:#000000""><strong>High</strong></span><span style=""color:#000000""> for factual reporting due to proper sourcing and a clean fact check record and </span><span style=""color:#000000""><strong>Left-Center</strong></span><span style=""color:#000000""> biased based on story selection that mostly favors the left. See rating </span><a href=""https://mediabiasfactcheck.com/time/""><span style=""color:#1155cc"">here</span></a><span style=""color:#000000"">.</span></p>

<p>&nbsp;</p>"
rand.org,,"<p><strong>Media Description:<span style=""color:#ff0000""> </span><span style=""color:#bdc3c7"">Rand Corporation (rand.org)</span></strong><span style=""color:#000000""> is a global research organization dedicated to developing solutions to public policy challenges. Founded in 1946, the RAND Corporation receives funding from U.S. government agencies, state and local governments, colleges and universities, professional associations, and other sources.&nbsp;</span></p>

<p><strong>Media Rating:</strong> Mediabiasfactcheck.com rates i<span style=""color:#000000"">t as </span><span style=""color:#000000""><strong>High</strong></span><span style=""color:#000000""> for factual reporting and </span><span style=""color:#000000""><strong>Least biased</strong></span><span style=""color:#000000"">.</span> See rating <a href=""https://mediabiasfactcheck.com/rand-corporation/"">here</a>.&nbsp;</p>

<p>&nbsp;</p>"
slate.com,,"<p><strong>Media Description: <span style=""color:#bdc3c7"">Slate (slate.com)</span></strong><span style=""color:#000000""> is an online magazine founded in 1996 that covers the topics of News and Politics, Culture, Entertainment, Technology, and Business. Slate has a politically progressive stance and always sources to credible media outlets such as Associated Press, Reuters, Washington Post, and New York Times. </span><a href=""https://mediabiasfactcheck.com/associated-press/""><span style=""color:#000000"">&nbsp;</span></a></p>

<p><strong>Media Rating:</strong> Mediabiasfactcheck.com&nbsp;rate<span style=""color:#000000"">s it </span><span style=""color:#000000""><strong>High</strong></span><span style=""color:#000000""> for factual reporting due to proper sourcing and a reasonable fact check record and </span><span style=""color:#000000""><strong>moderately</strong></span><span style=""color:#000000""> </span><span style=""color:#000000""><strong>Left Biased</strong></span><span style=""color:#000000""> based on story selection and editorial positions that favor the left. See rating </span><a href=""https://mediabiasfactcheck.com/slate/""><span style=""color:#1155cc"">here</span></a><span style=""color:#000000"">.</span></p>

<p>&nbsp;</p>
"
freedomforuminstitute.org,,"<p><strong>Media Description:</strong> <strong><span style=""color:#bdc3c7"">freedomforuminstitute.org</span></strong> is a non=profit, non-partisan educational organization that works to raise awareness of First Amendment freedoms through education, advocacy and action, sharing the stories of Americans who have exercised their rights to ignite change. It also supports newsroom diversity and excellence in journalism. It provides information and sometimes expert testimony that members of Congress or others may find useful, but they do not lobby. They are a public charity funded by individuals, corporations and foundations.&nbsp;</p>

<p>&nbsp;</p>"
billboard.com,,"<h1>&nbsp;</h1>

<p><strong>Media Descripton:&nbsp;<span style=""color:#bdc3c7"">Billboard&nbsp;</span></strong>is a weekly American entertainment trade magazine and news website owned by the Billboard-Hollywood Reporter Media Group. It is considered a reputable source of entertainment industry news.</p>

<p><strong>Media Rating:</strong>&nbsp;Mediabiasfactcheck.com<em><strong>&nbsp;</strong></em>does not independently rate Billboard, but its sister magazine, the Hollywood Reporter is rated <strong>High </strong>for factual reporting due to proper sourcing and a clean fact check record and <strong>Left-Center Biased</strong> based on story selection that slightly favors the left. See rating <a href=""https://mediabiasfactcheck.com/hollywood-reporter/"" target=""_blank"">here</a>.</p>

<p>&nbsp;</p>
"
salon.com,,"<p><strong>Media Description:<span style=""color:#ff0000""> </span><span style=""color:#bdc3c7"">Salon (salon.com) </span></strong><span style=""color:#000000"">is a progressive/liberal news and opinion website that publishes articles on U.S. politics, culture, and current events.&nbsp;</span></p>

<p><span style=""color:#000000""><strong>Media Rating</strong></span><span style=""color:#000000"">: </span>Mediabiasfactcheck.com <span style=""color:#000000"">rates Salon </span><span style=""color:#000000""><strong>Mostly Factual </strong></span><span style=""color:#000000"">in reporting rather than High due to a failed fact check and occasionally utilizing sources that have failed fact checks and </span><span style=""color:#000000""><strong>Left Biased</strong></span><span style=""color:#000000""> based on story selection that strongly favors the left and endorsements of political positions affiliated with the Democratic Party, and rates them.</span></p>

<p>&nbsp;</p>
"
independentcitizen.com,,"<h1>&nbsp;</h1>

<p><strong>Media Description:</strong>&nbsp;<strong><span style=""color:#bdc3c7"">independentcitizen.com</span></strong>&nbsp;is a news website that describes itself as &quot;a daily journal of news and opinion for free citizens wishing to defend their liberty&quot; based in Liberty, Virginia. The website features a tab for &quot;Freedom Report,&quot; which it describes as &quot;a daily podcast that reports on news from a perspective of economic freedom and personal liberty.&quot; It lacks transparency as the domain&rsquo;s owner is not disclosed on public databases so there is no way to evaluate the source except to fact-check an article.&nbsp;</p>

<p>&nbsp;</p>"
heritage.org,,"<p><strong>Media Description:<span style=""color:#ff0000""> </span><span style=""color:#bdc3c7"">Heritage Foundation (heritage.org)</span></strong><span style=""color:#ff0000""> </span><span style=""color:#000000"">is an American conservative think tank based in Washington, D.C., considered to be one of the most influential conservative research organizations in the United States.</span></p>

<p><strong>Media Rating:</strong> Mediabiasfactcheck.com&nbsp;rates the Heritage F<span style=""color:#000000"">oundation as </span><span style=""color:#000000""><strong>Mixed</strong></span><span style=""color:#000000""> for factual reporting due to promoting misleading claims regarding global warming and the health dangers associated with tobacco. They are rated as </span><span style=""color:#000000""><strong>Right Biased</strong></span><span style=""color:#000000""> based on conservative policy positions as well as funding from right-leaning organization</span>s. See rating <a href=""https://mediabiasfactcheck.com/heritage-foundation/"">here</a>.</p>

<p>&nbsp;</p>"
worldbank.org,,"<p><strong>Media Description:<span style=""color:#ff0000""> </span><span style=""color:#bdc3c7"">The World Bank (worldbank.org)</span></strong><span style=""color:#000000""> is a think tank policy group of cooperative finance and development ministers representing 189 member countries. The World Bank has published more than 200,000 reports, working papers, and documents to increase understanding of development policies and programs around the world. These reports and the primary data on which they are based are made available online at no cost.</span></p>

<p>&nbsp;</p>
"
congress.gov,,"<p><strong>Media Description:<span style=""color:#ff0000""> </span><span style=""color:#bdc3c7"">congress.gov</span></strong><span style=""color:#ff0000""> </span><span style=""color:#000000"">is the official website for U.S. federal legislative information. The site provides access to accurate, timely, and complete legislative information for Members of Congress, legislative agencies, and the public. It is presented by the Library of Congress (LOC) using data from the Office of the Clerk of the U.S. House of Representatives, the Office of the Secretary of the Senate, the Government Publishing Office, Congressional Budget Office, and the LOC&#39;s Congressional Research Service.</span></p>

<p>&nbsp;</p>"
uscis.gov,,"<p><strong>Media Description:<span style=""color:#ff0000""> </span><span style=""color:#bdc3c7"">uscis.gov</span></strong><span style=""color:#000000"">&nbsp;is the official government website of the U.S. Customs and Immigration Services within the Department of Homeland Security and is the official source for all legal immigration requirements. The agency administers lawful immgration into the U.S. by processing and examining citizenship, residency, and asylum requests.</span></p>

<p>&nbsp;</p>"
archives.gov,,"<p><strong>Media Description:<span style=""color:#ff0000""> </span><span style=""color:#bdc3c7"">The National Archives and Records Administration (archives.gov) </span></strong><span style=""color:#000000"">is an independent agency of the United States government charged with the preservation and documentation of government and historical records. It is also tasked with increasing public access to the documents maintained in the National Archive.</span></p>

<p>&nbsp;</p>
"
urban.org,,"<p><strong>Media Description:<span style=""color:#bdc3c7""> </span><span style=""color:#bdc3c7"">Urban Institute (urban.org)</span></strong><span style=""color:#000000""> is a nonprofit organization founded in 1968 and based in Washington, DC. The Urban Institute carries out economic and social policy research on&nbsp;the nation&rsquo;s urban problems and has a reputation as a nonpartisan, independent research organization.</span></p>

<p><span style=""color:#000000""><strong>Media Rating:</strong></span><span style=""color:#000000""> </span>Mediabiasfactcheck.com <span style=""color:#000000"">rates&nbsp;it </span><span style=""color:#000000""><strong>High </strong></span><span style=""color:#000000"">for factual reporting due to proper sourcing and a clean fact check record and </span><span style=""color:#000000""><strong>Left-Center</strong></span><span style=""color:#000000""> biased based on story selection and editorial positions that favor the left. See rating </span><a href=""https://mediabiasfactcheck.com/urban-institute/""><span style=""color:#1155cc"">here</span></a><span style=""color:#000000"">.&nbsp;</span></p>

<p>&nbsp;</p>
"
scientificamerican.com,,"<p><strong>Media Description:<span style=""color:#ff0000""> </span><span style=""color:#bdc3c7"">Scientific American (scientificamerican.com)</span></strong><span style=""color:#000000""><strong> </strong></span><span style=""color:#000000"">is a popular American science magazine. Many famous scientists, including Albert Einstein, have contributed articles to it. It is the oldest continuously published monthly magazine in the United States.&nbsp;</span></p>

<p><strong>Media Rating:</strong> Mediabiasfactcheck.com rates i<span style=""color:#000000"">t as </span><span style=""color:#000000""><strong>Pro-Science</strong></span><span style=""color:#000000"">, which means it follows the scientific method, is unbiased and does not use emotional words. It also rates it as </span><span style=""color:#000000""><strong>Left-Center</strong></span><span style=""color:#000000""> biased based on editorial positions that favor the left and through advocating for the consensus of science and properly sourcing scientific information. See rating </span><a href=""https://mediabiasfactcheck.com/scientific-american/""><span style=""color:#1155cc"">here</span></a><span style=""color:#000000"">.</span></p>

<p>&nbsp;</p>"
belonging.berkeley.edu,,"<p><strong>Media Description:<span style=""color:#ff0000""> </span><span style=""color:#bdc3c7"">Othering and Belonging Institute </span></strong><span style=""color:#000000"">The Othering and Belonging Institute at UC Berkeley (belonging.berkeley.edu) is a hub of engaged scholars, researchers, strategic communicators, policymakers, and community partners working to advance belonging for all members of society.</span></p>

<p>&nbsp;</p>
"
americanhistory.si.edu,"<p>&nbsp;</p>

<p>&nbsp;</p>
","<p><strong><span style=""color:#bdc3c7"">americanhistory.si.edu </span></strong><span style=""color:#000000"">is the website of the National Museum of American History part of the Smithsonian Institute in Washington D.C.&nbsp;</span></p>"
daily.jstor.org,,"<p><strong>Media Description: <span style=""color:#bdc3c7"">JSTOR Daily (daily.jstor.org)</span></strong><span style=""color:#000000"">,&nbsp; presents summaries of research from </span><strong><span style=""color:#bdc3c7"">JSTOR.org</span></strong><span style=""color:#000000"">&nbsp; a part of </span><a href=""http://www.ithaka.org/""><span style=""color:#000000"">ITHAKA</span></a><span style=""color:#000000"">, a not-for-profit organization that also includes </span><a href=""http://artstor.org/""><span style=""color:#000000"">Artstor,</span></a><span style=""color:#000000""> </span><a href=""http://www.sr.ithaka.org/""><span style=""color:#000000"">Ithaka S+R,</span></a><span style=""color:#000000""> and </span><a href=""http://www.portico.org/""><span style=""color:#000000"">Portico</span></a><span style=""color:#000000"">. JSTOR.org is a digital library for the intellectually curious, providing a powerful research and teaching platform, in collaboration with the academic community.&nbsp;</span></p>

<p>Media Rating: <span style=""color:#000000"">Mediabiasfactcheck.com rates JSTOR.org as <strong>Very High</strong> for factual reporting and as <strong>Pro-Science</strong>, consisting of legitimate science or evidence based through the use of credible scientific sourcing. Some sources in this category may have a <strong>slight political bias</strong>, but adhere to scientific principles. See rating </span><a href=""https://mediabiasfactcheck.com/jstore/""><span style=""color:#1155cc"">here</span></a><span style=""color:#000000"">.&nbsp;&nbsp;</span></p>

<p>&nbsp;</p>
"
humansarefree.com,,"<h1>&nbsp;</h1>

<p><strong>Media Rating:</strong>&nbsp;<strong><span style=""color:#bdc3c7"">humansarefree.com</span></strong> is rated&nbsp;by Mediabiasfactcheck.com as <strong>Low </strong>for factual reporting<strong>&nbsp;</strong>and as a <strong>Right </strong>Wing Conspiracy and Quackery level Pseudoscience site. Essentially, almost every article on this website is either false, misleading or unproven. See rating <a href="" https://mediabiasfactcheck.com/humans-are-free/"" target=""_blank"">here</a>.</p>

<p>&nbsp;</p>"
naturalnews.com,,"<p><strong>Media Description:</strong> <strong><span style=""color:#bdc3c7"">Natural News (naturalnews.com)</span></strong> is a conspiracy and pseudoscience website founded in 2005 that routinely publishes false information.&nbsp;</p>

<p><strong>Media Rating:</strong> Mediabiasfactcheck.com rates Natural News a <strong>Questionable </strong>source based on the promotion of quackery level pseudoscience and conspiracy theories, as well as <strong>extreme right-wing</strong> bias. This is one of the most discredited sources on the internet. See rating <a href=""https://mediabiasfactcheck.com/natural-news/"">here</a>.&nbsp;</p>

<p>&nbsp;</p>"
escholarship.org,,"<p><strong>Media Description:<span style=""color:#e74c3c""> </span><span style=""color:#bdc3c7"">eScholarship Publishing </span></strong>is an open access publishing platform subsidized by the University of California, managed by the California Digital Library, and offered free of charge to UC-affiliated departments, research units, publishing programs and individual scholars.</p>
"
insideclimatenews.org,,"<p><strong><span style=""color:#bdc3c7"">Inside Climate News (insideclimatenews.org)</span></strong><span style=""color:#ff0000""> </span><span style=""color:#000000"">is a non-profit and non-partisan news organization focusing on environmental journalism. In 2013, Inside Climate News was awarded the Pulitzer Prize</span><a href=""http://archives.cjr.org/the_observatory/insideclimate_news_pulitzer_pr.php""><span style=""color:#000000""> </span></a><span style=""color:#000000"">for National Reporting for its coverage of the Kalamazoo River oil spill.&nbsp;</span></p>

<p>&nbsp;</p>

<p><span style=""color:#000000"">Media Rating: </span>Mediabiasfactcheck.com <span style=""color:#000000"">rates Inside Climate News </span><span style=""color:#000000""><strong>High </strong></span><span style=""color:#000000"">for factual reporting due to proper sourcing and a clean fact check record and </span><span style=""color:#000000""><strong>Left-Center</strong></span><span style=""color:#000000""> Biased based on political policy positions that align with the left.</span></p>

<p>&nbsp;</p>
"
ria novosti,,"<h1>&nbsp;</h1>

<p><strong>Media Source:</strong>&nbsp;<strong><span style=""color:#bdc3c7"">RIA Novosti</span></strong><span style=""color:#e60000"">&nbsp;</span>is a Russian state-controlled domestic news agency which operates internally using the ria.ru website. It is part of the Sputnik multimedia platform which operates internationally.</p>

<p><strong>MediaRating:&nbsp;</strong>Mediabiasfactcheck.com rates the factual reporting of the Sputnik sites as <strong>Very Low</strong> and generally <strong>Questionable</strong> based on frequent promotion of conspiracies and pro-Russian propaganda, as well as use of poor sources and numerous failed fact checks. See rating <a href=""https://mediabiasfactcheck.com/sputnik-news/"" target=""_blank"">here</a>.</p>

<p>&nbsp;</p>
"
thestonkmarket.com,,"<p><strong>Media Description:<span style=""color:#ff0000""> </span><span style=""color:#bdc3c7"">The Stonk Market (thestonkmarket.com)</span></strong><span style=""color:#000000""> is a financial satire site. The site provides unique coverage on the financial industry, stocks, hedge funds and global markets. Their mission statement is &ldquo;To provide daily humor and make stonks go up.&rdquo;</span></p>

<p><span style=""color:#000000""><strong>Media Rating</strong></span><span style=""color:#000000"">: The Stonk Market website has not been rated. It is clearly marked as a satire site and its name references the well-known &ldquo;stonks&rdquo; meme, which features the popular character known as &ldquo;Meme Man&rdquo; alongside a graph of stock prices. </span></p>
"